case_alias,manifest_condition,step,cusum,threshold,alarm
B1,benign,1,0.000000000,10.581253006,False
B1,benign,2,0.000000000,10.581253006,False
B1,benign,3,0.130669146,10.581253006,False
B1,benign,4,0.119608728,10.581253006,False
B1,benign,5,0.524706886,10.581253006,False
B1,benign,6,0.949415623,10.581253006,False
B1,benign,7,0.967742550,10.581253006,False
B1,benign,8,0.562987058,10.581253006,False
B1,benign,9,0.321513464,10.581253006,False
I1,injection,1,12.305537101,10.581253006,True
B2,benign,1,9.717263696,10.581253006,False
B2,benign,2,9.672224712,10.581253006,False
B2,benign,3,10.295137312,10.581253006,False
B2,benign,4,10.788284409,10.581253006,True
I2,injection,1,11.327592016,10.581253006,True
B3,benign,1,0.372628948,10.581253006,False
B3,benign,2,0.277358465,10.581253006,False
B3,benign,3,0.422600778,10.581253006,False
B3,benign,4,0.297316174,10.581253006,False
B3,benign,5,0.000000000,10.581253006,False
B3,benign,6,0.032321149,10.581253006,False
B3,benign,7,0.411198222,10.581253006,False
B3,benign,8,0.935550398,10.581253006,False
B3,benign,9,0.421882842,10.581253006,False
B3,benign,10,0.749628103,10.581253006,False
B3,benign,11,1.712554738,10.581253006,False
B3,benign,12,2.271177153,10.581253006,False
B3,benign,13,3.980061922,10.581253006,False
B3,benign,14,4.860070083,10.581253006,False
B3,benign,15,4.602082169,10.581253006,False
I3,injection,1,4.958452253,10.581253006,False
I3,injection,2,4.965290477,10.581253006,False
I3,injection,3,5.550249831,10.581253006,False
I3,injection,4,5.248662441,10.581253006,False
I3,injection,5,5.617654385,10.581253006,False
I3,injection,6,5.904141350,10.581253006,False
I3,injection,7,5.857024458,10.581253006,False
I3,injection,8,5.472618456,10.581253006,False
